block_id,sub_block_id,aic_time(us),aic_total_cycles,aic_cube_ratio,aic_cube_fp16_ratio,aic_cube_int8_ratio,aic_cube_fops,aic_cube_total_instr_number,aic_cube_fp_instr_number,aic_cube_int_instr_number,aiv_time(us),aiv_total_cycles,aiv_vec_ratio,aiv_vec_fp32_ratio,aiv_vec_fp16_ratio,aiv_vec_int32_ratio,aiv_vec_int16_ratio,aiv_vec_misc_ratio,aiv_vec_fops,
0,vector0,NA,NA,NA,NA,NA,NA,NA,NA,NA,307.306671,553152,0.157517,0.066282,0.000000,0.000000,0.000000,0.074663,819584,
1,vector0,NA,NA,NA,NA,NA,NA,NA,NA,NA,307.288330,553119,0.157527,0.066286,0.000000,0.000000,0.000000,0.074667,819584,
2,vector0,NA,NA,NA,NA,NA,NA,NA,NA,NA,306.582214,551848,0.157889,0.066439,0.000000,0.000000,0.000000,0.074839,819584,
3,vector0,NA,NA,NA,NA,NA,NA,NA,NA,NA,308.003876,554407,0.157161,0.066132,0.000000,0.000000,0.000000,0.074494,819584,
4,vector0,NA,NA,NA,NA,NA,NA,NA,NA,NA,308.552216,555394,0.156881,0.066014,0.000000,0.000000,0.000000,0.074362,819584,
5,vector0,NA,NA,NA,NA,NA,NA,NA,NA,NA,309.117767,556412,0.156594,0.065894,0.000000,0.000000,0.000000,0.074226,819584,
6,vector0,NA,NA,NA,NA,NA,NA,NA,NA,NA,308.500000,555300,0.156908,0.066026,0.000000,0.000000,0.000000,0.074374,819584,
7,vector0,NA,NA,NA,NA,NA,NA,NA,NA,NA,309.704437,557468,0.156298,0.065769,0.000000,0.000000,0.000000,0.074085,819584,
