block_id,sub_block_id,aic_time(us),aic_total_cycles,aiv_time(us),aiv_total_cycles,aiv_ub_read_bw_vector(GB/s),aiv_ub_write_bw_vector(GB/s),aiv_ub_read_bw_scalar(GB/s),aiv_ub_write_bw_scalar(GB/s),
0,vector0,NA,NA,307.306671,553152,11.122338,7.947630,0.000000,0.000000,
1,vector0,NA,NA,307.288330,553119,11.123002,7.948105,0.000000,0.000000,
2,vector0,NA,NA,306.582214,551848,11.148621,7.966411,0.000000,0.000000,
3,vector0,NA,NA,308.003876,554407,11.097161,7.929640,0.000000,0.000000,
4,vector0,NA,NA,308.552216,555394,11.077440,7.915548,0.000000,0.000000,
5,vector0,NA,NA,309.117767,556412,11.057174,7.901066,0.000000,0.000000,
6,vector0,NA,NA,308.500000,555300,11.079315,7.916888,0.000000,0.000000,
7,vector0,NA,NA,309.704437,557468,11.036228,7.886099,0.000000,0.000000,
