block_id,sub_block_id,aic_time(us),aic_total_cycles,aic_cube_wait_ratio,aic_mte1_wait_ratio,aic_mte2_wait_ratio,aic_mte3_wait_ratio,aiv_time(us),aiv_total_cycles,aiv_vec_total_cflt_ratio,aiv_vec_bankgroup_cflt_ratio,aiv_vec_bank_cflt_ratio,aiv_vec_resc_cflt_ratio,aiv_vec_mte_cflt_ratio,aiv_vec_wait_ratio,aiv_mte1_wait_ratio,aiv_mte2_wait_ratio,aiv_mte3_wait_ratio,
0,vector0,NA,NA,NA,NA,NA,NA,307.306671,553152,0.007405,0.007405,0.000000,0.000000,0.000000,0.897925,0.000000,0.991751,0.996200,
1,vector0,NA,NA,NA,NA,NA,NA,307.288330,553119,0.007405,0.007405,0.000000,0.000000,0.000000,0.897492,0.000000,0.991313,1.004292,
2,vector0,NA,NA,NA,NA,NA,NA,306.582214,551848,0.007422,0.007422,0.000000,0.000000,0.000000,0.897682,0.000000,0.991748,1.012074,
3,vector0,NA,NA,NA,NA,NA,NA,308.003876,554407,0.007388,0.007388,0.000000,0.000000,0.000000,0.897950,0.000000,0.991577,1.003029,
4,vector0,NA,NA,NA,NA,NA,NA,308.552216,555394,0.007375,0.007375,0.000000,0.000000,0.000000,0.898117,0.000000,0.991530,0.991440,
5,vector0,NA,NA,NA,NA,NA,NA,309.117767,556412,0.007361,0.007361,0.000000,0.000000,0.000000,0.898129,0.000000,0.991359,0.993160,
6,vector0,NA,NA,NA,NA,NA,NA,308.500000,555300,0.007376,0.007376,0.000000,0.000000,0.000000,0.897945,0.000000,0.991392,0.993281,
7,vector0,NA,NA,NA,NA,NA,NA,309.704437,557468,0.007348,0.007348,0.000000,0.000000,0.000000,0.897888,0.000000,0.990956,0.985174,
